-- phpMyAdmin SQL Dump
-- version 4.8.5
-- https://www.phpmyadmin.net/
--
-- Host: 127.0.0.1
-- Generation Time: Apr 21, 2019 at 06:22 AM
-- Server version: 10.1.38-MariaDB
-- PHP Version: 7.3.4

SET SQL_MODE = "NO_AUTO_VALUE_ON_ZERO";
SET AUTOCOMMIT = 0;
START TRANSACTION;
SET time_zone = "+00:00";


/*!40101 SET @OLD_CHARACTER_SET_CLIENT=@@CHARACTER_SET_CLIENT */;
/*!40101 SET @OLD_CHARACTER_SET_RESULTS=@@CHARACTER_SET_RESULTS */;
/*!40101 SET @OLD_COLLATION_CONNECTION=@@COLLATION_CONNECTION */;
/*!40101 SET NAMES utf8mb4 */;

--
-- Database: `topsis`
--

-- --------------------------------------------------------

--
-- Table structure for table `tab_alternatif`
--

CREATE TABLE `tab_alternatif` (
  `id_alternatif` varchar(10) NOT NULL,
  `nama_alternatif` varchar(50) NOT NULL
) ENGINE=InnoDB DEFAULT CHARSET=latin1;

--
-- Dumping data for table `tab_alternatif`
--

INSERT INTO `tab_alternatif` (`id_alternatif`, `nama_alternatif`) VALUES
('1', 'Andi Prasetyo'),
('2', 'Budi Irawan'),
('3', 'Coki Jeriko'),
('4', 'Dedi Kusnandar');

-- --------------------------------------------------------

--
-- Table structure for table `tab_kriteria`
--

CREATE TABLE `tab_kriteria` (
  `id_kriteria` varchar(10) NOT NULL,
  `nama_kriteria` varchar(50) NOT NULL,
  `bobot` float NOT NULL
) ENGINE=InnoDB DEFAULT CHARSET=latin1;

--
-- Dumping data for table `tab_kriteria`
--

INSERT INTO `tab_kriteria` (`id_kriteria`, `nama_kriteria`, `bobot`) VALUES
('1', 'isi', 30),
('2', 'bahasa', 20),
('3', 'kreatifitas', 20),
('4', 'kerapian', 20),
('5', 'warna', 10);

-- --------------------------------------------------------

--
-- Table structure for table `tab_poin`
--

CREATE TABLE `tab_poin` (
  `id_poin` varchar(10) NOT NULL,
  `poin` varchar(10) NOT NULL
) ENGINE=InnoDB DEFAULT CHARSET=latin1;

--
-- Dumping data for table `tab_poin`
--

INSERT INTO `tab_poin` (`id_poin`, `poin`) VALUES
('100', '100'),
('60', '60'),
('65', '65'),
('70', '70'),
('75', '75'),
('80', '80'),
('85', '85'),
('90', '90'),
('95', '95');

-- --------------------------------------------------------

--
-- Table structure for table `tab_topsis`
--

CREATE TABLE `tab_topsis` (
  `id_alternatif` varchar(10) NOT NULL,
  `id_kriteria` varchar(10) NOT NULL,
  `nilai` float NOT NULL
) ENGINE=InnoDB DEFAULT CHARSET=latin1;

--
-- Dumping data for table `tab_topsis`
--

INSERT INTO `tab_topsis` (`id_alternatif`, `id_kriteria`, `nilai`) VALUES
('1', '1', 80),
('1', '2', 75),
('1', '3', 80),
('1', '4', 90),
('1', '5', 80),
('2', '1', 90),
('2', '2', 75),
('2', '3', 85),
('2', '4', 70),
('2', '5', 85),
('3', '1', 75),
('3', '2', 80),
('3', '3', 70),
('3', '4', 85),
('3', '5', 75),
('4', '1', 80),
('4', '2', 75),
('4', '3', 85),
('4', '4', 85),
('4', '5', 80),
('Nama Alter', 'Nama Krite', 0);

--
-- Indexes for dumped tables
--

--
-- Indexes for table `tab_alternatif`
--
ALTER TABLE `tab_alternatif`
  ADD PRIMARY KEY (`id_alternatif`);

--
-- Indexes for table `tab_kriteria`
--
ALTER TABLE `tab_kriteria`
  ADD PRIMARY KEY (`id_kriteria`);

--
-- Indexes for table `tab_poin`
--
ALTER TABLE `tab_poin`
  ADD PRIMARY KEY (`id_poin`);

--
-- Indexes for table `tab_topsis`
--
ALTER TABLE `tab_topsis`
  ADD PRIMARY KEY (`id_alternatif`,`id_kriteria`);
COMMIT;

/*!40101 SET CHARACTER_SET_CLIENT=@OLD_CHARACTER_SET_CLIENT */;
/*!40101 SET CHARACTER_SET_RESULTS=@OLD_CHARACTER_SET_RESULTS */;
/*!40101 SET COLLATION_CONNECTION=@OLD_COLLATION_CONNECTION */;
